temperatura,presion,vf,vfg,vg,uf,ufg,ug,hf,hfg,hg,sf,sfg,sg
0.01,0.6117,0.001,205.999,206,0,2374.9,2374.9,0.001,2500.9,2500.901,0,9.1556,9.1556
5,0.8725,0.001,147.029,147.03,21.019,2360.8,2381.819,21.02,2489.1,2510.12,0.0763,8.9487,9.025
10,1.2281,0.001,106.319,106.32,42.02,2346.6,2388.62,42.022,2477.2,2519.222,0.1511,8.7488,8.8999
15,1.7057,0.001001,77.883999,77.885,62.98,2332.5,2395.48,62.982,2465.4,2528.382,0.2245,8.5559,8.7804
20,2.3392,0.001002,57.760998,57.762,83.913,2318.4,2402.313,83.915,2453.5,2537.415,0.2965,8.3696,8.6661
25,3.1698,0.001003,43.338997,43.34,104.83,2304.3,2409.13,104.83,2441.7,2546.53,0.3672,8.1895,8.5567
30,4.2469,0.001004,32.877996,32.879,125.73,2290.2,2415.93,125.74,2429.8,2555.54,0.4368,8.0152,8.452
35,5.6291,0.001006,25.203994,25.205,146.63,2276,2422.63,146.64,2417.9,2564.54,0.5051,7.8466,8.3517
40,7.3851,0.001008,19.513992,19.515,167.53,2261.9,2429.43,167.53,2406,2573.53,0.5724,7.6832,8.2556
45,9.5953,0.00101,15.24999,15.251,188.43,2247.7,2436.13,188.44,2394,2582.44,0.6386,7.5247,8.1633
50,12.352,0.001012,12.024988,12.026,209.33,2233.4,2442.73,209.34,2382,2591.34,0.7038,7.371,8.0748
55,15.763,0.001015,9.562885,9.5639,230.24,2219.1,2449.34,230.26,2369.8,2600.06,0.768,7.2218,7.9898
60,19.947,0.001017,7.665983,7.667,251.16,2204.7,2455.86,251.18,2357.7,2608.88,0.8313,7.0769,7.9082
65,25.043,0.00102,6.19248,6.1935,272.09,2190.3,2462.39,272.12,2345.4,2617.52,0.8937,6.936,7.8297
70,31.202,0.001023,5.038577,5.0396,293.04,2175.8,2468.84,293.07,2333,2626.07,0.9551,6.7989,7.754
75,38.597,0.001026,4.128074,4.1291,313.99,2161.3,2475.29,314.03,2320.6,2634.63,1.0158,6.6655,7.6813
80,47.416,0.001029,3.404271,3.4053,334.97,2146.6,2481.57,335.02,2308,2643.02,1.0756,6.5355,7.6111
85,57.868,0.001032,2.825068,2.8261,355.96,2131.9,2487.86,356.02,2295.3,2651.32,1.1346,6.4089,7.5435
90,70.183,0.001036,2.358264,2.3593,376.97,2117,2493.97,377.04,2282.5,2659.54,1.1929,6.2853,7.4782
95,84.609,0.00104,1.97976,1.9808,398,2102,2500,398.09,2269.6,2667.69,1.2504,6.1647,7.4151
100,101.42,0.001043,1.670957,1.672,419.06,2087,2506.06,419.17,2256.4,2675.57,1.3072,6.047,7.3542
105,120.9,0.001047,1.417553,1.4186,440.15,2071.8,2511.95,440.28,2243.1,2683.38,1.3634,5.9319,7.2953
110,143.38,0.001052,1.208348,1.2094,461.27,2056.4,2517.67,461.42,2229.7,2691.12,1.4188,5.8193,7.2381
115,169.18,0.001056,1.034944,1.036,482.42,2040.9,2523.32,482.59,2216,2698.59,1.4737,5.7092,7.1829
120,198.67,0.00106,0.89027,0.89133,503.6,2025.3,2528.9,503.81,2202.1,2705.91,1.5279,5.6013,7.1292
125,232.23,0.001065,0.769055,0.77012,524.83,2009.5,2534.33,525.07,2188.1,2713.17,1.5816,5.4956,7.0772
130,270.28,0.00107,0.66701,0.66808,546.1,1993.4,2539.5,546.38,2173.7,2720.08,1.6346,5.3919,7.0265
135,313.22,0.001075,0.580715,0.58179,567.41,1977.3,2544.71,567.75,2159.1,2726.85,1.6872,5.2901,6.9773
140,361.53,0.00108,0.50742,0.5085,588.77,1960.9,2549.67,589.16,2144.3,2733.46,1.7392,5.1901,6.9293
145,415.68,0.001085,0.444915,0.446,610.19,1944.2,2554.39,610.64,2129.2,2739.84,1.7908,5.0919,6.8827
150,476.16,0.001091,0.391389,0.39248,631.66,1927.4,2559.06,632.18,2113.8,2745.98,1.8418,4.9953,6.8371
155,543.49,0.001096,0.345384,0.34648,653.19,1910.3,2563.49,653.79,2098,2751.79,1.8924,4.9002,6.7926
160,618.23,0.001102,0.305698,0.3068,674.79,1893,2567.79,675.47,2082,2757.47,1.9426,4.8066,6.7492
165,700.93,0.001108,0.271332,0.27244,696.46,1875.4,2571.86,697.24,2065.6,2762.84,1.9923,4.7143,6.7066
170,792.18,0.001114,0.241486,0.2426,718.2,1857.5,2575.7,719.08,2048.8,2767.88,2.0417,4.6233,6.665
175,892.6,0.001121,0.215469,0.21659,740.02,1839.4,2579.42,741.02,2031.7,2772.72,2.0906,4.5335,6.6241
180,1002.8,0.001127,0.192713,0.19384,761.92,1820.9,2582.82,763.05,2014.2,2777.25,2.1392,4.4448,6.584
185,1123.5,0.001134,0.172766,0.1739,783.91,1802.1,2586.01,785.19,1996.2,2781.39,2.1875,4.3572,6.5447
190,1255.2,0.001141,0.155219,0.15636,806,1783,2589,807.43,1977.9,2785.33,2.2355,4.2705,6.506
195,1398.8,0.001149,0.139741,0.14089,828.18,1763.6,2591.78,829.78,1959,2788.78,2.2831,4.1847,6.4678
200,1554.9,0.001157,0.126053,0.12721,850.46,1743.7,2594.16,852.26,1939.8,2792.06,2.3305,4.0997,6.4302
205,1724.3,0.001164,0.113916,0.11508,872.86,1723.5,2596.36,874.87,1920,2794.87,2.3776,4.0154,6.393
210,1907.7,0.001173,0.103117,0.10429,895.38,1702.9,2598.28,897.61,1899.7,2797.31,2.4245,3.9318,6.3563
215,2105.9,0.001181,0.093499,0.09468,918.02,1681.9,2599.92,920.5,1878.8,2799.3,2.4712,3.8489,6.3201
220,2319.6,0.00119,0.084904,0.086094,940.79,1660.5,2601.29,943.55,1857.4,2800.95,2.5176,3.7664,6.284
225,2549.7,0.001199,0.077206,0.078405,963.7,1638.6,2602.3,966.76,1835.4,2802.16,2.5639,3.6844,6.2483
230,2797.1,0.001209,0.070296,0.071505,986.76,1616.1,2602.86,990.14,1812.8,2802.94,2.61,3.6028,6.2128
235,3062.6,0.001219,0.064081,0.0653,1010,1593.2,2603.2,1013.7,1789.5,2803.2,2.656,3.5216,6.1776
240,3347,0.001229,0.058478,0.059707,1033.4,1569.8,2603.2,1037.5,1765.5,2803,2.7018,3.4405,6.1423
245,3651.2,0.00124,0.053416,0.054656,1056.9,1545.7,2602.6,1061.5,1740.8,2802.3,2.7476,3.3596,6.1072
250,3976.2,0.001252,0.048833,0.050085,1080.7,1521.1,2601.8,1085.7,1715.3,2801,2.7933,3.2788,6.0721
255,4322.9,0.001263,0.044678,0.045941,1104.7,1495.8,2600.5,1110.1,1689,2799.1,2.839,3.1979,6.0369
260,4692.3,0.001276,0.040899,0.042175,1128.8,1469.9,2598.7,1134.8,1661.8,2796.6,2.8847,3.1169,6.0016
265,5085.3,0.001289,0.037459,0.038748,1153.3,1443.2,2596.5,1159.8,1633.7,2793.5,2.9304,3.0358,5.9662
270,5503,0.001303,0.034319,0.035622,1177.9,1415.7,2593.6,1185.1,1604.6,2789.7,2.9762,2.9542,5.9304
275,5946.4,0.001317,0.03145,0.032767,1202.9,1387.4,2590.3,1210.7,1574.5,2785.2,3.0221,2.8723,5.8944
280,6416.6,0.001333,0.02882,0.030153,1228.2,1358.2,2586.4,1236.7,1543.2,2779.9,3.0681,2.7898,5.8579
285,6914.6,0.001349,0.026407,0.027756,1253.7,1328.1,2581.8,1263.1,1510.7,2773.8,3.1144,2.7066,5.821
290,7441.8,0.001366,0.024188,0.025554,1279.7,1296.9,2576.6,1289.8,1476.9,2766.7,3.1608,2.6225,5.7833
295,7999,0.001384,0.022144,0.023528,1306,1264.5,2570.5,1317.1,1441.6,2758.7,3.2076,2.5374,5.745
300,8587.9,0.001404,0.020255,0.021659,1332.7,1230.9,2563.6,1344.8,1404.8,2749.6,3.2548,2.4511,5.7059
305,9209.4,0.001425,0.018507,0.019932,1360,1195.9,2555.9,1373.1,1366.3,2739.4,3.3024,2.3633,5.6657
310,9865,0.001447,0.016886,0.018333,1387.7,1159.3,2547,1402,1325.9,2727.9,3.3506,2.2737,5.6243
315,10556,0.001472,0.015377,0.016849,1416.1,1121.1,2537.2,1431.6,1283.4,2715,3.3994,2.1821,5.5815
320,11284,0.001499,0.013971,0.01547,1445.1,1080.9,2526,1462,1238.5,2700.5,3.4491,2.0881,5.5372
325,12051,0.001528,0.012655,0.014183,1475,1038.5,2513.5,1493.4,1191,2684.4,3.4998,1.9911,5.4909
330,12858,0.00156,0.011419,0.012979,1505.7,993.5,2499.2,1525.8,1140.3,2666.1,3.5516,1.8906,5.4422
335,13707,0.001597,0.010251,0.011848,1537.5,945.5,2483,1559.4,1086,2645.4,3.605,1.7857,5.3907
340,14601,0.001638,0.009145,0.010783,1570.7,893.8,2464.5,1594.6,1027.4,2622,3.6602,1.6756,5.3358
345,15541,0.001685,0.008087,0.009772,1605.5,837.7,2443.2,1631.7,963.4,2595.1,3.7179,1.5585,5.2764
350,16529,0.001741,0.007065,0.008806,1642.4,775.9,2418.3,1671.2,892.7,2563.9,3.7788,1.4326,5.2114
355,17570,0.001808,0.006064,0.007872,1682.2,706.4,2388.6,1714,812.9,2526.9,3.8442,1.2942,5.1384
360,18666,0.001895,0.005055,0.00695,1726.2,625.7,2351.9,1761.5,720.1,2481.6,3.9165,1.1373,5.0538
365,19822,0.002015,0.003994,0.006009,1777.2,526.4,2303.6,1817.2,605.5,2422.7,4.0004,0.9489,4.9493
370,21044,0.002217,0.002736,0.004953,1844.5,385.6,2230.1,1891.2,443.1,2334.3,4.1119,0.689,4.8009
373.95,22064,0.003106,0,0.003106,2015.7,0,2015.7,2084.3,0,2084.3,4.407,0,4.407